iter	MAE
0	169426.0894
500	21185.86166
1000	9787.434134
1500	8383.416408
2000	7706.292107
2500	7549.268236
3000	7485.046785
3500	7434.799505
4000	7401.861944
4500	7365.425391
5000	7332.353228
5500	7304.570893
6000	7276.26746
6500	7250.716942
7000	7223.44481
7500	7203.539852
8000	7189.327244
8500	7177.69257
9000	7170.179258
9500	7157.660062
10000	7152.851593
10500	7141.859159
11000	7140.306118
11500	7131.105162
12000	7125.182708
12500	7124.866716
13000	7124.747498
13500	7124.737242
