iter	MAE
0	169426.0894
500	21328.11593
1000	9933.249568
1500	8153.188697
2000	7516.011477
2500	7375.469206
3000	7345.53838
3500	7319.550728
4000	7291.071672
4500	7268.690052
5000	7256.006129
5500	7237.790737
6000	7223.060235
6500	7210.384645
7000	7198.394239
7500	7191.47125
8000	7177.035588
8500	7171.222738
9000	7168.165367
9500	7165.71242
10000	7164.614459
10500	7162.855028
11000	7158.999024
11500	7156.091637
12000	7150.221742
12500	7143.761523
13000	7138.978052
13500	7134.495831
